2017-01-01T00:28:52Z	5088671598	23155669	node-v0.x-archive	ForkEvent	""
2017-01-01T01:28:01Z	5088714066	14864042	node-chakracore	IssueCommentEvent	"{""action"":""created"",""issue"":159,""comment"":269888732}"
2017-01-01T01:28:39Z	5088714540	2168518	node	IssueCommentEvent	"{""action"":""created"",""issue"":10557,""comment"":269888748}"
2017-01-01T02:22:59Z	5088754683	11658963	node	WatchEvent	""
2017-01-01T02:53:30Z	5088777269	54666	node	PullRequestEvent	"{""action"":""opened"",""pull_request"":10559}"
2017-01-01T03:43:22Z	5088809586	718899	node	IssueCommentEvent	"{""action"":""created"",""issue"":10013,""comment"":269891211}"
2017-01-01T03:43:22Z	5088809590	718899	node	PullRequestEvent	"{""action"":""closed"",""pull_request"":10013}"
2017-01-01T03:47:57Z	5088812332	718899	node	PullRequestReviewCommentEvent	"{""action"":""created"",""comment"":94279826,""pull_request"":10556}"
2017-01-01T03:51:27Z	5088814301	8306194	nan	WatchEvent	""
2017-01-01T05:19:28Z	5088869981	13608139	node	IssuesEvent	"{""action"":""opened"",""issue"":10560}"
2017-01-01T05:21:45Z	5088871634	13712304	node	WatchEvent	""
2017-01-01T05:25:10Z	5088873801	54666	node	IssueCommentEvent	"{""action"":""created"",""issue"":10560,""comment"":269892756}"
2017-01-01T05:25:10Z	5088873805	54666	node	IssuesEvent	"{""action"":""closed"",""issue"":10560}"
2017-01-01T05:26:27Z	5088874572	54666	node	IssueCommentEvent	"{""action"":""created"",""issue"":10557,""comment"":269892773}"
2017-01-01T05:43:09Z	5088884854	13608139	node	IssueCommentEvent	"{""action"":""created"",""issue"":10560,""comment"":269893001}"
2017-01-01T05:44:47Z	5088885725	5211680	node	ForkEvent	""
2017-01-01T06:03:09Z	5088897264	718899	node	PullRequestEvent	"{""action"":""opened"",""pull_request"":10561}"
2017-01-01T06:05:51Z	5088898831	718899	node	IssueCommentEvent	"{""action"":""created"",""issue"":10561,""comment"":269893305}"
2017-01-01T07:07:09Z	5088940257	24859865	node	WatchEvent	""
2017-01-01T07:07:27Z	5088940507	16877433	node	ForkEvent	""
2017-01-01T07:13:55Z	5088944863	18232247	node	WatchEvent	""
2017-01-01T07:19:42Z	5088949014	439929	node	PullRequestEvent	"{""action"":""opened"",""pull_request"":10562}"
2017-01-01T07:24:13Z	5088952091	439929	node	IssueCommentEvent	"{""action"":""created"",""issue"":10317,""comment"":269894565}"
2017-01-01T08:00:30Z	5088976967	22455299	node	WatchEvent	""
2017-01-01T08:10:19Z	5088984396	724570	node-gyp	ForkEvent	""
2017-01-01T08:10:19Z	5088984397	724570	node-gyp	WatchEvent	""
2017-01-01T08:42:41Z	5089008306	5035902	evangelism	IssuesEvent	"{""action"":""opened"",""issue"":269}"
2017-01-01T08:42:52Z	5089008467	5035902	evangelism	IssuesEvent	"{""action"":""closed"",""issue"":262}"
2017-01-01T08:47:21Z	5089011750	11139560	help	IssuesEvent	"{""action"":""opened"",""issue"":424}"
2017-01-01T08:58:11Z	5089020211	5035902	node	ForkEvent	""
2017-01-01T09:16:17Z	5089034770	342738	docker-node	WatchEvent	""
2017-01-01T09:17:35Z	5089035760	11139560	help	IssueCommentEvent	"{""action"":""created"",""issue"":424,""comment"":269896641}"
2017-01-01T09:23:20Z	5089041104	11139560	help	IssueCommentEvent	"{""action"":""created"",""issue"":424,""comment"":269896747}"
2017-01-01T09:24:12Z	5089041841	11139560	help	IssueCommentEvent	"{""action"":""created"",""issue"":424,""comment"":269896767}"
2017-01-01T09:34:55Z	5089050317	24838796	node	IssuesEvent	"{""action"":""opened"",""issue"":10563}"
2017-01-01T09:46:57Z	5089060628	9760424	node	WatchEvent	""
2017-01-01T10:03:08Z	5089074163	2352663	node	PullRequestEvent	"{""action"":""closed"",""pull_request"":10317}"
2017-01-01T10:03:08Z	5089074172	2352663	node	IssuesEvent	"{""action"":""closed"",""issue"":10306}"
2017-01-01T10:03:14Z	5089074256	2352663	node	PushEvent	""
2017-01-01T10:08:58Z	5089079167	739813	github-bot	PullRequestEvent	"{""action"":""opened"",""pull_request"":114}"
2017-01-01T10:09:27Z	5089079626	2352663	node	IssuesEvent	"{""action"":""closed"",""issue"":10480}"
2017-01-01T10:09:27Z	5089079632	2352663	node	PullRequestEvent	"{""action"":""closed"",""pull_request"":10486}"
2017-01-01T10:09:30Z	5089079676	2352663	node	PushEvent	""
2017-01-01T10:10:25Z	5089080554	2352663	node	PushEvent	""
2017-01-01T10:10:35Z	5089080749	2352663	node	IssueCommentEvent	"{""action"":""created"",""issue"":10486,""comment"":269897799}"
2017-01-01T10:14:45Z	5089083858	15943089	node	IssueCommentEvent	"{""action"":""created"",""issue"":10561,""comment"":269897885}"
2017-01-01T10:18:28Z	5089086695	15943089	node	IssueCommentEvent	"{""action"":""created"",""issue"":10486,""comment"":269897977}"
2017-01-01T10:20:27Z	5089088275	24731612	http-parser	WatchEvent	""
2017-01-01T10:45:36Z	5089107470	13643461	node	WatchEvent	""
2017-01-01T10:47:18Z	5089108953	390146	nodejs-ko	PullRequestReviewCommentEvent	"{""action"":""created"",""comment"":94282456,""pull_request"":479}"
2017-01-01T10:47:59Z	5089109471	10393198	help	IssueCommentEvent	"{""action"":""created"",""issue"":424,""comment"":269898609}"
2017-01-01T10:49:09Z	5089110390	390146	nodejs-ko	IssueCommentEvent	"{""action"":""created"",""issue"":479,""comment"":269898630}"
2017-01-01T11:14:57Z	5089130584	10393198	help	IssueCommentEvent	"{""action"":""created"",""issue"":424,""comment"":269899214}"
2017-01-01T11:58:37Z	5089165321	2082470	docker-node	WatchEvent	""
2017-01-01T12:50:28Z	5089212373	212034	nodejs-ko	IssueCommentEvent	"{""action"":""created"",""issue"":479,""comment"":269901895}"
2017-01-01T13:12:25Z	5089234927	5640348	node	ForkEvent	""
2017-01-01T13:14:44Z	5089237417	5640348	node	PullRequestEvent	"{""action"":""opened"",""pull_request"":10564}"
2017-01-01T13:15:04Z	5089237795	5640348	node	PullRequestEvent	"{""action"":""closed"",""pull_request"":10564}"
2017-01-01T13:20:36Z	5089243703	5640348	node	PullRequestEvent	"{""action"":""opened"",""pull_request"":10565}"
